<?xml version="1.0" encoding="utf-8" ?><dwsync><file name="AppDelegate.h" server="visualsoftinc.com/projectsource/" local="3169656820" remote="59183688568" /><file name="AppDelegate.m" server="visualsoftinc.com/projectsource/" local="3169656820" remote="59183688568" /><file name="FMDatabase.h" server="visualsoftinc.com/projectsource/" local="3230228863" remote="54888721512" /><file name="FMDatabase.m" server="visualsoftinc.com/projectsource/" local="3230228851" remote="54888721512" /><file name="FMDatabaseAdditions.h" server="visualsoftinc.com/projectsource/" local="3223938139" remote="93543427176" /><file name="FMDatabaseAdditions.m" server="visualsoftinc.com/projectsource/" local="3288282828" remote="93543427176" /><file name="FMResultSet.h" server="visualsoftinc.com/projectsource/" local="3217972511" remote="59183688808" /><file name="FMResultSet.m" server="visualsoftinc.com/projectsource/" local="3230228834" remote="59183688808" /><file name="Info.plist" server="visualsoftinc.com/projectsource/" local="3339690040" remote="46298786920" /><file name="main.m" server="visualsoftinc.com/projectsource/" local="3169656820" remote="29118917736" /><file name="MyPDFDocument.h" server="visualsoftinc.com/projectsource/" local="3348336468" remote="67773623400" /><file name="MyPDFDocument.m" server="visualsoftinc.com/projectsource/" local="3348580198" remote="67773623400" /><file name="pdfkitviewer.icns" server="visualsoftinc.com/projectsource/" local="3169064993" remote="76363557992" /><file name="sqlite3.h" server="visualsoftinc.com/projectsource/" local="3230228076" remote="42003819624" /></dwsync>